[{"$i":"sign-in","$v":"চাইন ইন কৰক"},{"$i":"NewAccount","$v":"নতুন একাউণ্ট"},{"$i":"options","$v":"বিকল্পসমূহ"},{"$i":"cancel","$v":"বাতিল কৰক"},{"$i":"update","$v":"আপডেট কৰক"},{"$i":"back","$v":"পিছলৈ যাওঁক"},{"$i":"uninstall","$v":"আনইনষ্টল কৰক"},{"$i":"update-found","$v":"আপডেট পোৱা গৈছে"},{"$i":"update-found-content","$v":"জিঅ’ষ্টোৰ স্বয়ংক্ৰিয়ভাৱে বন্ধ আৰু আপডেট হ’ব   অনুগ্ৰহ কৰি কিছুসময়ৰ ভিতৰত ঘুৰি আহক"},{"$i":"no-internet","$v":"কোনো ইণ্টাৰনেট নাই"},{"$i":"connection-error","$v":"সংযোগত ত্ৰুতি"},{"$i":"enable","$v":"সক্ষম কৰক"},{"$i":"open-service","$v":"অ’পেন সেৱা"},{"$i":"downloading","$v":"ডাউনলোড হৈ আছে"},{"$i":"loading","$v":"লোড হৈ আছে..."},{"$i":"CAT-all","$v":"সকলো"},{"$i":"CAT-10","$v":"খেলসমূহ"},{"$i":"CAT-20","$v":"মনোৰঞ্জন"},{"$i":"CAT-30","$v":"ছ’চিয়েল"},{"$i":"CAT-40","$v":"শ্বপিং"},{"$i":"CAT-50","$v":"সংবাদ"},{"$i":"CAT-60","$v":"উপযোগিতাসমূহ"},{"$i":"CAT-70","$v":"জীৱনশৈলী"},{"$i":"CAT-80","$v":"স্বাস্থ্য"},{"$i":"CAT-90","$v":"খেলসমূহ"},{"$i":"CAT-100","$v":"কিতাপ আৰু প্ৰসঙ্গ"},{"$i":"ok","$v":"ঠিক আছে"},{"$i":"get","$v":"পাওঁক"},{"$i":"go","$v":"যাওঁক"},{"$i":"open","$v":"খোলক"},{"$i":"install","$v":"ইনষ্টল কৰক"}]