[{"$i":"sign-in","$v":"সাইন ইন করুন"},{"$i":"NewAccount","$v":"নতুন অ্যাকাউন্ট"},{"$i":"options","$v":"বিকল্পগুলি"},{"$i":"cancel","$v":"বাতিল করুন"},{"$i":"update","$v":"আপডেট করুন"},{"$i":"back","$v":"ফিরে যান"},{"$i":"uninstall","$v":"আনইনস্টল করুন"},{"$i":"update-found","$v":"আপডেট পাওয়া গেছে I"},{"$i":"update-found-content","$v":"জিওস্টোর স্বয়ংক্রিয়ভাবে বন্ধ হবে এবং আপডেট হবে। অনুগ্রহ করে কয়েক মুহূর্তের মধ্যে ফিরে আসুন।"},{"$i":"no-internet","$v":"কোনো ইন্টারনেট নেই I"},{"$i":"connection-error","$v":"সংযোগ ত্রুটি I"},{"$i":"enable","$v":"সক্ষম করুন"},{"$i":"open-service","$v":"খোলা সার্ভিস"},{"$i":"downloading","$v":"ডাউনলোড হচ্ছে"},{"$i":"loading","$v":"লোড হচ্ছে..."},{"$i":"CAT-all","$v":"সমস্ত"},{"$i":"CAT-10","$v":"গেমস"},{"$i":"CAT-20","$v":"বিনোদন"},{"$i":"CAT-30","$v":"সামাজিক"},{"$i":"CAT-40","$v":"শপিং"},{"$i":"CAT-50","$v":"সংবাদ"},{"$i":"CAT-60","$v":"উপযোগিতাসমূহ"},{"$i":"CAT-70","$v":"জীবনশৈলী"},{"$i":"CAT-80","$v":"স্বাস্থ্য"},{"$i":"CAT-90","$v":"স্পোর্টস"},{"$i":"CAT-100","$v":"বই এবং রেফারেন্স"},{"$i":"ok","$v":"ঠিক আছে"},{"$i":"get","$v":"পান"},{"$i":"go","$v":"যান"},{"$i":"open","$v":"খুলুন"},{"$i":"install","$v":"ইনস্টল করুন"}]