[{"$i":"sign-in","$v":"साइन इन करो"},{"$i":"NewAccount","$v":"नमां खाता"},{"$i":"options","$v":"विकल्प"},{"$i":"cancel","$v":"रद्द करो"},{"$i":"update","$v":"अपडेट करो"},{"$i":"back","$v":"बापस"},{"$i":"uninstall","$v":"अनइंस्टाल करो"},{"$i":"update-found","$v":"अपडेट मिली।"},{"$i":"update-found-content","$v":"जिओ स्टोर अपने-आप बंद ते अपडेट होई जाह्ग। किरपा करियै किश खिनें च बापस आओ।"},{"$i":"no-internet","$v":"कोई इंटरनेट नेईं।"},{"$i":"connection-error","$v":"कनेक्शन त्रुटि।"},{"$i":"enable","$v":"समर्थ"},{"$i":"open-service","$v":"ओपन सेवा"},{"$i":"downloading","$v":"डाउनलोडिंग"},{"$i":"loading","$v":"लोड करै करदा ऐ..."},{"$i":"CAT-all","$v":"सब्भै"},{"$i":"CAT-10","$v":"गेम्स"},{"$i":"CAT-20","$v":"मनोरंजन"},{"$i":"CAT-30","$v":"शोशल"},{"$i":"CAT-40","$v":"खरीदारी"},{"$i":"CAT-50","$v":"खबरां"},{"$i":"CAT-60","$v":"बरतूनतां"},{"$i":"CAT-70","$v":"लाइफस्टाइल"},{"$i":"CAT-80","$v":"सेह्त"},{"$i":"CAT-90","$v":"खेढां"},{"$i":"CAT-100","$v":"कताबां ते संदर्भ"},{"$i":"ok","$v":"ठीक ऐ"},{"$i":"get","$v":"हासल करो"},{"$i":"go","$v":"जाओ"},{"$i":"open","$v":"खोलो"},{"$i":"install","$v":"इंस्टाल करो"}]