[{"$i":"sign-in","$v":"સાઈન ઈન કરો"},{"$i":"NewAccount","$v":"નવો એકાઉન્ટ"},{"$i":"options","$v":"વિકલ્પ"},{"$i":"cancel","$v":"રદ્દ કરો"},{"$i":"update","$v":"અપડેટ કરો"},{"$i":"back","$v":"પાછળ"},{"$i":"uninstall","$v":"અનઇન્સ્ટોલ કરો"},{"$i":"update-found","$v":"અપડેટ મળેલ છે"},{"$i":"update-found-content","$v":"જીઓસ્ટોર આપોઆપ બંધ થઈ અને અપડેટ થઈ જશે.  કૃપા કરીને થોડીવારમાં પાછા આવો."},{"$i":"no-internet","$v":"ઈન્ટરનેટ નથી."},{"$i":"connection-error","$v":"કનેક્શન ત્રુટિ."},{"$i":"enable","$v":"સક્ષમ કરો"},{"$i":"open-service","$v":"ઓપન સર્વિસ"},{"$i":"downloading","$v":"ડાઉનલોડ કરી રહ્યા છે"},{"$i":"loading","$v":"લોડીંગ થાય છે..."},{"$i":"CAT-all","$v":"દરેક"},{"$i":"CAT-10","$v":"રમતો"},{"$i":"CAT-20","$v":"મનોરંજન"},{"$i":"CAT-30","$v":"સોશિયલ"},{"$i":"CAT-40","$v":"શોપિંગ"},{"$i":"CAT-50","$v":"સમાચાર"},{"$i":"CAT-60","$v":"ઉપયોગીતાઓ"},{"$i":"CAT-70","$v":"જીવનશૈલી"},{"$i":"CAT-80","$v":"આરોગ્ય"},{"$i":"CAT-90","$v":"રમતગમતો"},{"$i":"CAT-100","$v":"પુસ્તકો અને સંદર્ભ"},{"$i":"ok","$v":"ઠીક છે "},{"$i":"get","$v":"મેળવો"},{"$i":"go","$v":"જાઓ"},{"$i":"open","$v":"ખોલો"},{"$i":"install","$v":"ઈન્સ્ટોલ કરો"}]