[{"$i":"sign-in","$v":"साइन इन करें"},{"$i":"NewAccount","$v":"नया अकाउंट"},{"$i":"options","$v":"विकल्प"},{"$i":"cancel","$v":"रद्द करें"},{"$i":"update","$v":"अपडेट करें"},{"$i":"back","$v":"वापस जाएं"},{"$i":"uninstall","$v":"अनइंस्टॉल करें "},{"$i":"update-found","$v":"अपडेट मिला।"},{"$i":"update-found-content","$v":"जिओस्टोर बंद हो जाएगा और अपने आप अपडेट हो जाएगा  कृपया कुछ देर में वापस आएं "},{"$i":"no-internet","$v":"इंटरनेट नहीं है।"},{"$i":"connection-error","$v":"कनेक्शन त्रुटि।"},{"$i":"enable","$v":"सक्षम करें"},{"$i":"open-service","$v":"खुली सेवा"},{"$i":"downloading","$v":"डाउनलोड हो रहा है "},{"$i":"loading","$v":"लोड हो रहा है..."},{"$i":"CAT-all","$v":"सभी"},{"$i":"CAT-10","$v":"गेम्स"},{"$i":"CAT-20","$v":"मनोरंजन"},{"$i":"CAT-30","$v":"सोशल"},{"$i":"CAT-40","$v":"शॉपिंग"},{"$i":"CAT-50","$v":"समाचार"},{"$i":"CAT-60","$v":"उपयोगिताएँ"},{"$i":"CAT-70","$v":"जीवनशैली"},{"$i":"CAT-80","$v":"स्वास्थ्य"},{"$i":"CAT-90","$v":"खेल"},{"$i":"CAT-100","$v":"पुस्तकें और संदर्भ"},{"$i":"ok","$v":"ठीक है "},{"$i":"get","$v":"प्राप्त करें"},{"$i":"go","$v":"जाएं"},{"$i":"open","$v":"खोलें"},{"$i":"install","$v":"इंस्टॉल करें"}]