[{"$i":"sign-in","$v":"ಸೈನ್ ಇನ್ ಮಾಡಿ"},{"$i":"NewAccount","$v":"ಹೊಸ ಖಾತೆ"},{"$i":"options","$v":"ಆಯ್ಕೆಗಳು"},{"$i":"cancel","$v":"ರದ್ದು ಮಾಡಿ"},{"$i":"update","$v":"ಅಪ್‌ಡೇಟ್"},{"$i":"back","$v":"ಹಿಂದೆ"},{"$i":"uninstall","$v":"ಅನ್‌ಇನ್ಸ್ಟಾಲ್"},{"$i":"update-found","$v":"ಅಪ್ಡೇಟ್ ಸಿಕ್ಕಿದೆ"},{"$i":"update-found-content","$v":"ಜಿಯೋಸ್ಟೋರ್ ಸ್ವಯಂಚಾಲಿತವಾಗಿ ಮುಚ್ಚುತ್ತದೆ ಮತ್ತು ನವೀಕರಿಸುತ್ತದೆ. ದಯವಿಟ್ಟು ಕೆಲವು ಕ್ಷಣಗಳಲ್ಲಿ ಪುನಃ ಬನ್ನಿ."},{"$i":"no-internet","$v":"ಇಂಟರ್ನೆಟ್ ಇಲ್ಲ."},{"$i":"connection-error","$v":"ಸಂಪರ್ಕ ದೋಷ."},{"$i":"enable","$v":"ಸಕ್ರಿಯಗೊಳಿಸಿ"},{"$i":"open-service","$v":"ಸೇವೆಯನ್ನು ತೆರೆಯಿರಿ"},{"$i":"downloading","$v":"ಡೌನ್‌ಲೋಡ್ ಮಾಡಲಾಗುತ್ತಿದೆ"},{"$i":"loading","$v":"ಲೋಡ್ ಆಗುತ್ತಿದೆ ..."},{"$i":"CAT-all","$v":"ಎಲ್ಲಾ"},{"$i":"CAT-10","$v":"ಆಟಗಳು"},{"$i":"CAT-20","$v":"ಮನರಂಜನೆ"},{"$i":"CAT-30","$v":"ಸಾಮಾಜಿಕ"},{"$i":"CAT-40","$v":"ಶಾಪಿಂಗ್"},{"$i":"CAT-50","$v":"ಸುದ್ದಿ"},{"$i":"CAT-60","$v":"ಉಪಯುಕ್ತತೆಗಳು"},{"$i":"CAT-70","$v":"ಜೀವನಶೈಲಿ"},{"$i":"CAT-80","$v":"ಆರೋಗ್ಯ"},{"$i":"CAT-90","$v":"ಕ್ರೀಡೆ"},{"$i":"CAT-100","$v":"ಬುಕ್ ಮಾಡಿ ಮತ್ತು ಉಲ್ಲೇಖಿಸಿ"},{"$i":"ok","$v":"ಸರಿ"},{"$i":"get","$v":"ಪಡಿಯಿರಿ"},{"$i":"go","$v":"ಹೋಗಿ"},{"$i":"open","$v":"ತೆರೆಯಿರಿ"},{"$i":"install","$v":"ಇನ್ಸ್ಟಾಲ್ ಮಾಡಿ"}]