[{"$i":"sign-in","$v":"सायन इन"},{"$i":"NewAccount","$v":"नवें खातें"},{"$i":"options","$v":"पर्याय"},{"$i":"cancel","$v":"रद्द करचें"},{"$i":"update","$v":"अद्यतन"},{"$i":"back","$v":"फाटीं"},{"$i":"uninstall","$v":"स्थापणूक काडची"},{"$i":"update-found","$v":"अपडेट मेळ्ळी."},{"$i":"update-found-content","$v":"जीओ स्टोर आपसूक रितीन बंद जातलें आनी अपडेट जातलें. उपकार करून थोड्या खीणांत परत येवचें."},{"$i":"no-internet","$v":"इंटरनेट ना."},{"$i":"connection-error","$v":"जोडणी चूक."},{"$i":"enable","$v":"सक्षम करचें"},{"$i":"open-service","$v":"उक्त्यों सेवा"},{"$i":"downloading","$v":"डावनलोड करता"},{"$i":"loading","$v":"लोड करता..."},{"$i":"CAT-all","$v":"सगलें"},{"$i":"CAT-10","$v":"खेळ"},{"$i":"CAT-20","$v":"मनरिजवण"},{"$i":"CAT-30","$v":"सोशल"},{"$i":"CAT-40","$v":"खरेदी"},{"$i":"CAT-50","$v":"खबरो"},{"$i":"CAT-60","$v":"उपयुक्ततायो"},{"$i":"CAT-70","$v":"जिवनशैली"},{"$i":"CAT-80","$v":"भलायकी"},{"$i":"CAT-90","$v":"खेळ"},{"$i":"CAT-100","$v":"पुस्तकां आनी संदर्भ"},{"$i":"ok","$v":"बरें आसा"},{"$i":"get","$v":"हाडप "},{"$i":"go","$v":"वच वा वचचें"},{"$i":"open","$v":"उगडचें वा उकतें"},{"$i":"install","$v":"स्थापणूक"}]