[{"$i":"sign-in","$v":"سائن ان"},{"$i":"NewAccount","$v":"نو اکاؤنٹ"},{"$i":"options","$v":"انتخابات"},{"$i":"cancel","$v":"رد کٔریو"},{"$i":"update","$v":"اپ ڈیٹ"},{"$i":"back","$v":"واپس کر"},{"$i":"uninstall","$v":"ان اِنسٹال"},{"$i":"update-found","$v":"اپ ڈیٹ لوب۔"},{"$i":"update-found-content","$v":"جیو سٹور گژھ خودکار طور بند تِہ اپ ڈیٹ۔ مہربأنی کٔریتھۍ ییُو کیہنہ لمحہ پتِہ واپس۔"},{"$i":"no-internet","$v":"کاہنہ انٹرنیٹ چھِہ نِہ۔"},{"$i":"connection-error","$v":"کنکشن مسئلہ۔"},{"$i":"enable","$v":"کارگر کٔریو"},{"$i":"open-service","$v":"کھولیو سروِس"},{"$i":"downloading","$v":"ڈاؤن لوڈ کَران"},{"$i":"loading","$v":"لوڈ کَران۔۔۔"},{"$i":"CAT-all","$v":"تمام"},{"$i":"CAT-10","$v":"گیم"},{"$i":"CAT-20","$v":"تفریح"},{"$i":"CAT-30","$v":"سمأجی"},{"$i":"CAT-40","$v":"خریدأری"},{"$i":"CAT-50","$v":"خبر"},{"$i":"CAT-60","$v":"افادیت"},{"$i":"CAT-70","$v":"لائف سٹائل"},{"$i":"CAT-80","$v":"ہیلتھ"},{"$i":"CAT-90","$v":"کھیل"},{"$i":"CAT-100","$v":"کتابِ تِہ حوالہ"},{"$i":"ok","$v":"اوکے"},{"$i":"get","$v":"حأصل کٔریو"},{"$i":"go","$v":"گژھیو"},{"$i":"open","$v":"کھول"},{"$i":"install","$v":"اِنسٹال"}]