[{"$i":"sign-in","$v":"साइन इन"},{"$i":"NewAccount","$v":"नव खाता"},{"$i":"options","$v":"विकल्प"},{"$i":"cancel","$v":"रद्द करू"},{"$i":"update","$v":"अपडेट"},{"$i":"back","$v":"पाछू जाऊ"},{"$i":"uninstall","$v":"स्थापित ने भले"},{"$i":"update-found","$v":"अपडेट भेटल"},{"$i":"update-found-content","$v":"जिओ  स्टोर स्‍वत: बंद आ अपडेट भए जायत उपकार करून थोड्या खीणांत परत येवचें."},{"$i":"no-internet","$v":"कुनू इंटरनेट नहि अछि."},{"$i":"connection-error","$v":"कनेक्‍शन मे त्रुटि"},{"$i":"enable","$v":"सक्षम करू"},{"$i":"open-service","$v":"सेवा खोलू"},{"$i":"downloading","$v":"डाउनलोडिंग भए रहल अछि"},{"$i":"loading","$v":"लोड भए रहल अछि..."},{"$i":"CAT-all","$v":"सभ"},{"$i":"CAT-10","$v":"खेलकूद"},{"$i":"CAT-20","$v":"मनोरंजन"},{"$i":"CAT-30","$v":"सोशल"},{"$i":"CAT-40","$v":"शॉपिंग"},{"$i":"CAT-50","$v":"समाचार सभ"},{"$i":"CAT-60","$v":"यूटिलिटीज"},{"$i":"CAT-70","$v":"जीवन शैली"},{"$i":"CAT-80","$v":"स्वास्थ्य"},{"$i":"CAT-90","$v":"खेलकूद"},{"$i":"CAT-100","$v":"पुस्तक आ संदर्भ"},{"$i":"ok","$v":"ठीक अछि"},{"$i":"get","$v":"गेट"},{"$i":"go","$v":"जाऊ"},{"$i":"open","$v":"खोलू"},{"$i":"install","$v":"इंस्‍टॉल  करू"}]