[{"$i":"sign-in","$v":"സൈൻ ഇൻ ചെയ്യുക"},{"$i":"NewAccount","$v":"പുതിയ അക്കൗണ്ട്‌ "},{"$i":"options","$v":"ഓപ്ഷനുകൾ"},{"$i":"cancel","$v":"റദ്ദാക്കുക"},{"$i":"update","$v":"അപ്ഡേറ്റ് ചെയ്യുക"},{"$i":"back","$v":"മടങ്ങുക"},{"$i":"uninstall","$v":"അൺഇൻസ്റ്റാൾ ചെയ്യുക"},{"$i":"update-found","$v":"അപ്ഡേറ്റ് കണ്ടെത്തി."},{"$i":"update-found-content","$v":"ജിഒ സ്റ്റോർ ഓട്ടോമാറ്റിക്കായി അടയ്ക്കുകയും അപ്ഡേറ്റ് ചെയ്യുകയും ചെയ്യും. ദയവായി കുറച്ച് നിമിഷങ്ങൾക്ക് ശേഷം തിരികെ വരൂ."},{"$i":"no-internet","$v":"ഇന്റർനെറ്റ് ഇല്ല. "},{"$i":"connection-error","$v":"കണക്ഷൻ പിശക്."},{"$i":"enable","$v":"പ്രാപ്‌തമാക്കുക"},{"$i":"open-service","$v":"തുറന്ന സേവനം"},{"$i":"downloading","$v":"ഡൗൺലോഡുചെയ്യുന്നു"},{"$i":"loading","$v":"ലോഡിംഗ്..."},{"$i":"CAT-all","$v":"എല്ലാം"},{"$i":"CAT-10","$v":"ഗെയിംസ്"},{"$i":"CAT-20","$v":"വിനോദം"},{"$i":"CAT-30","$v":"സാമൂഹികം"},{"$i":"CAT-40","$v":"ഷോപ്പിംഗ്‌"},{"$i":"CAT-50","$v":"വാര്‍ത്ത"},{"$i":"CAT-60","$v":"യൂട്ടിലിറ്റികൾ"},{"$i":"CAT-70","$v":"ജീവിതശൈലി"},{"$i":"CAT-80","$v":"ആരോഗ്യം"},{"$i":"CAT-90","$v":"കായികം "},{"$i":"CAT-100","$v":"പുസ്തകങ്ങളും റഫറൻസും"},{"$i":"ok","$v":"ശരി"},{"$i":"get","$v":"നേടുക"},{"$i":"go","$v":"പോവുക"},{"$i":"open","$v":"തുറക്കുക"},{"$i":"install","$v":"ഇൻസ്റ്റാൾ"}]