[{"$i":"sign-in","$v":"সাইন ইন"},{"$i":"NewAccount","$v":"অনৌবা একাউন্ট"},{"$i":"options","$v":"ওপসনশীং"},{"$i":"cancel","$v":"ককথৎলু"},{"$i":"update","$v":"অপদেত তৌ"},{"$i":"back","$v":"হল্লু"},{"$i":"uninstall","$v":"ইনস্টোল তৌবা লৌথোকউ"},{"$i":"update-found","$v":"অপডেট তৌবা ফংলে৷"},{"$i":"update-found-content","$v":"জিওস্টোর খুমজিল্লগনি অমসুং মশা মথন্তা অপদেত তৌগনি। মিকুপ খরদা হন্না হল্লকপিয়ু।"},{"$i":"no-internet","$v":"ইন্টর্নেট ফংদ্রে"},{"$i":"connection-error","$v":"কনেক্সনদা অশোয়বা।"},{"$i":"enable","$v":"য়াহল্লু"},{"$i":"open-service","$v":"ময়াম লোইনমক্কি সার্ভিস"},{"$i":"downloading","$v":"দাওনলোদ তৌরি"},{"$i":"loading","$v":"লোদ তৌরি..."},{"$i":"CAT-all","$v":"পূম্নমক"},{"$i":"CAT-10","$v":"গেমশীং"},{"$i":"CAT-20","$v":"হরাও নুংঙাইবা"},{"$i":"CAT-30","$v":"সমাজগী ওইবা"},{"$i":"CAT-40","$v":"পোৎ লৈবা"},{"$i":"CAT-50","$v":"ই-পাও"},{"$i":"CAT-60","$v":"কান্নবগী মওংশীং"},{"$i":"CAT-70","$v":"হিংবগী মওং"},{"$i":"CAT-80","$v":"হকচাংগী ফিভম"},{"$i":"CAT-90","$v":"শান্ন-খোৎনবা"},{"$i":"CAT-100","$v":"লাইরিকশীং অমসুং রিফরেন্স"},{"$i":"ok","$v":"ওকে"},{"$i":"get","$v":"ফংবা"},{"$i":"go","$v":"চৎলু"},{"$i":"open","$v":"হাংদোকউ"},{"$i":"install","$v":"ইনস্টোল তৌ"}]