[{"$i":"sign-in","$v":"साइन इन करा"},{"$i":"NewAccount","$v":"नवीन अकाउन्ट"},{"$i":"options","$v":"पर्याय"},{"$i":"cancel","$v":"रद्द करा"},{"$i":"update","$v":"अपडेट करा"},{"$i":"back","$v":"मागे जा"},{"$i":"uninstall","$v":"विस्थापित करा"},{"$i":"update-found","$v":"अपडेट आढळला."},{"$i":"update-found-content","$v":"जिओस्टोअर आपोआप बंद होईल आणि अपडेट होईल. कृपया काही क्षणांत परत या."},{"$i":"no-internet","$v":"इंटरनेट नाही."},{"$i":"connection-error","$v":"कनेक्शन मध्ये त्रुटी."},{"$i":"enable","$v":"सक्षम करा"},{"$i":"open-service","$v":"ओपन सेवा"},{"$i":"downloading","$v":"डाउनलोड होत आहे"},{"$i":"loading","$v":"लोड होत आहे..."},{"$i":"CAT-all","$v":"सर्व"},{"$i":"CAT-10","$v":"गेम"},{"$i":"CAT-20","$v":"मनोरंजन"},{"$i":"CAT-30","$v":"सामाजिक"},{"$i":"CAT-40","$v":"शॉपिंग"},{"$i":"CAT-50","$v":"बातम्या"},{"$i":"CAT-60","$v":"सोयी सुविधा"},{"$i":"CAT-70","$v":"जीवनशैली"},{"$i":"CAT-80","$v":"आरोग्य"},{"$i":"CAT-90","$v":"क्रीडा"},{"$i":"CAT-100","$v":"पुस्तके आणि संदर्भ"},{"$i":"ok","$v":"ठीक आहे"},{"$i":"get","$v":"प्राप्त करा"},{"$i":"go","$v":"पुढे जा"},{"$i":"open","$v":"उघडा"},{"$i":"install","$v":"इन्स्टॉल करा"}]