[{"$i":"sign-in","$v":"साइन इन गर्नुहोस्"},{"$i":"NewAccount","$v":"नयाँ खाता"},{"$i":"options","$v":"विकल्पहरू"},{"$i":"cancel","$v":"रद्द गर्नुहोस्"},{"$i":"update","$v":"अद्यावधिक गर्नुहोस्"},{"$i":"back","$v":"पछाडि"},{"$i":"uninstall","$v":"विस्थापन गर्नुहोस्"},{"$i":"update-found","$v":"अद्यावधिक भेटियो ।"},{"$i":"update-found-content","$v":"जियोस्टोर बन्द हुनेछ र स्वत: अद्यावधिक हुनेछ । कृपया केही क्षणपछि फिर्ता आउनुहोस् ।"},{"$i":"no-internet","$v":"इन्टरनेट छैन ।"},{"$i":"connection-error","$v":"जडान त्रुटि ।"},{"$i":"enable","$v":"सक्रिय गर्नुहोस्"},{"$i":"open-service","$v":"खुला सेवा"},{"$i":"downloading","$v":"डाउनलोड हुँदै"},{"$i":"loading","$v":"लोड हुँदै..."},{"$i":"CAT-all","$v":"सबै"},{"$i":"CAT-10","$v":"खेलहरू"},{"$i":"CAT-20","$v":"मनोरञ्जन"},{"$i":"CAT-30","$v":"सामाजिक"},{"$i":"CAT-40","$v":"किनमेल"},{"$i":"CAT-50","$v":"समाचार"},{"$i":"CAT-60","$v":"युटिलिटीहरू"},{"$i":"CAT-70","$v":"जीवनशैली"},{"$i":"CAT-80","$v":"स्वास्थ्य"},{"$i":"CAT-90","$v":"खेलहरू"},{"$i":"CAT-100","$v":"पुस्तकहरू तथा सिफारिस"},{"$i":"ok","$v":"ओके"},{"$i":"get","$v":"प्राप्त गर्नुहोस्"},{"$i":"go","$v":"जानुहोस्"},{"$i":"open","$v":"खोल्नुहोस्"},{"$i":"install","$v":"स्थापना गर्नुहोस्"}]