[{"$i":"sign-in","$v":"ସାଇନ୍ ଇନ୍ କରନ୍ତୁ"},{"$i":"NewAccount","$v":"ନୂତନ ଆକାଉଣ୍ଟ"},{"$i":"options","$v":"ବିକଳ୍ପ"},{"$i":"cancel","$v":"ବାତିଲ କରନ୍ତୁ"},{"$i":"update","$v":"ଅପ୍‌ଡେଟ୍ କରନ୍ତୁ"},{"$i":"back","$v":"ପଛକୁ ଫେରନ୍ତୁ"},{"$i":"uninstall","$v":"ଅଣସଂସ୍ଥାପନ କରନ୍ତୁ"},{"$i":"update-found","$v":"ଅପ୍‌ଡେଟ୍ ମିଳିଲା|"},{"$i":"update-found-content","$v":"ଜିଓଷ୍ଟୋର୍ ବନ୍ଦ ହୋଇଯିବ ଏବଂ ସ୍ବତଃ ଅପ୍‌ଡେଟ୍ ହେବ ଦୟାକରି କିଛି ସମୟ ଭିତେରେ ଫେରି ଆସନ୍ତୁ"},{"$i":"no-internet","$v":"କୌଣସି ଇଣ୍ଟର୍‌ନେଟ୍ ନାହିଁ"},{"$i":"connection-error","$v":"ସଂଯୋଜନା ତ୍ରୁଟି"},{"$i":"enable","$v":"ସକ୍ଷମ କରନ୍ତୁ"},{"$i":"open-service","$v":"ଓପନ୍ ସେବା"},{"$i":"downloading","$v":"ଡାଉନ୍‌ଲୋଡ୍ ହେଉଛି"},{"$i":"loading","$v":"ଲୋଡ୍ ହେଉଛି"},{"$i":"CAT-all","$v":"ସମସ୍ତ"},{"$i":"CAT-10","$v":"ଖେଳ"},{"$i":"CAT-20","$v":"ମନୋରଞ୍ଜନ"},{"$i":"CAT-30","$v":"ସାମାଜିକ"},{"$i":"CAT-40","$v":"ସପିଂ"},{"$i":"CAT-50","$v":"ଖବର"},{"$i":"CAT-60","$v":"ଉପଯୋଗିତା"},{"$i":"CAT-70","$v":"ଜୀବନଶୈଳୀ"},{"$i":"CAT-80","$v":"ସ୍ବାସ୍ଥ୍ୟ"},{"$i":"CAT-90","$v":"ସ୍ପୋର୍ଟ୍‌‌ସ୍"},{"$i":"CAT-100","$v":"ପୁସ୍ତକ ଏବଂ ପ୍ରସଙ୍ଗ"},{"$i":"ok","$v":"ଠିକ୍ ଅଛି"},{"$i":"get","$v":"ପ୍ରାପ୍ତ କରନ୍ତୁ"},{"$i":"go","$v":"ଯାଆନ୍ତୁ"},{"$i":"open","$v":"ଖୋଲନ୍ତୁ"},{"$i":"install","$v":"ସଂସ୍ଥାପନ କରନ୍ତୁ"}]