[{"$i":"sign-in","$v":"ਸਾਈਨ ਇਨ ਕਰੋ"},{"$i":"NewAccount","$v":"ਨਵਾਂ ਅਕਾਊਂਟ"},{"$i":"options","$v":"ਵਿਕਲਪ"},{"$i":"cancel","$v":"ਰੱਦ ਕਰੋ"},{"$i":"update","$v":"ਅਪਡੇਟ ਕਰੋ"},{"$i":"back","$v":"ਵਾਪਿਸ ਜਾਓ"},{"$i":"uninstall","$v":"ਅਣਇੰਸਟਾਲ ਕਰੋ"},{"$i":"update-found","$v":"ਅਪਡੇਟ ਮਿਲਿਆ ਹੈ"},{"$i":"update-found-content","$v":"ਜਿਓਸਟੋਰ ਬੰਦ ਹੋ ਜਾਵੇਗਾ ਅਤੇ ਆਪਣੇ ਆਪ ਅਪਡੇਟ ਕਰੇਗਾ। ਕਿਰਪਾ ਕਰਕੇ ਕੁਝ ਪਲਾਂ ਵਿੱਚ ਵਾਪਸ ਆਓ।"},{"$i":"no-internet","$v":"ਇੰਟਰਨੈੱਟ ਨਹੀਂ ਹੈ"},{"$i":"connection-error","$v":"ਕਨੈਕਸ਼ਨ ਤਰੁਟੀ।"},{"$i":"enable","$v":"ਕਾਰਜਸ਼ੀਲ ਕਰੋ"},{"$i":"open-service","$v":"ਓਪਨ ਸਰਵਿਸ"},{"$i":"downloading","$v":"ਡਾਉਨਲੋਡ ਹੋ ਰਿਹਾ ਹੈ"},{"$i":"loading","$v":"ਲੋਡ ਹੋ ਰਿਹਾ ਹੈ ..."},{"$i":"CAT-all","$v":"ਸਾਰੇ"},{"$i":"CAT-10","$v":"ਗੇਮਸ"},{"$i":"CAT-20","$v":"ਮਨੋਰੰਜਨ"},{"$i":"CAT-30","$v":"ਸੋਸ਼ਲ"},{"$i":"CAT-40","$v":"ਸ਼ਾਪਿੰਗ"},{"$i":"CAT-50","$v":"ਸਮਾਚਾਰ"},{"$i":"CAT-60","$v":"ਉਪਯੋਗਤਾਵਾਂ"},{"$i":"CAT-70","$v":"ਜੀਵਨਸ਼ੈਲੀ"},{"$i":"CAT-80","$v":"ਸਿਹਤ"},{"$i":"CAT-90","$v":"ਖੇਡਾਂ"},{"$i":"CAT-100","$v":"ਕਿਤਾਬਾਂ ਅਤੇ ਸੰਦਰਭ"},{"$i":"ok","$v":"ਠੀਕ ਹੈ"},{"$i":"get","$v":"ਪ੍ਰਾਪਤ ਕਰੋ"},{"$i":"go","$v":"ਜਾਓ"},{"$i":"open","$v":"ਖੋਲ੍ਹੋ"},{"$i":"install","$v":"ਇੰਸਟਾਲ ਕਰੋ"}]