[{"$i":"sign-in","$v":"अन्तः प्रवेशतु"},{"$i":"NewAccount","$v":"नवीना लेखा"},{"$i":"options","$v":"विकल्पम्"},{"$i":"cancel","$v":"निरस्यताम्"},{"$i":"update","$v":"अद्यतनीकरणम्"},{"$i":"back","$v":"पृष्ठे"},{"$i":"uninstall","$v":"अव्यवस्थापनम्"},{"$i":"update-found","$v":"अद्यतनं प्राप्तम्।"},{"$i":"update-found-content","$v":"जिओ स्टोर स्वतः पिदधाय अद्यतनं करिष्यति। अल्पक्षणोत्तरं पुनः आगच्छतु।"},{"$i":"no-internet","$v":"अन्तर्जालं नास्ति।"},{"$i":"connection-error","$v":"संयोजने दोषः।"},{"$i":"enable","$v":"सक्रियताम्"},{"$i":"open-service","$v":"सेवा उद्घाट्यताम्"},{"$i":"downloading","$v":"अवारोपयति"},{"$i":"loading","$v":"आरोपयति..."},{"$i":"CAT-all","$v":"सर्वम्"},{"$i":"CAT-10","$v":"क्रीडाः"},{"$i":"CAT-20","$v":"मनोरञ्जनम्"},{"$i":"CAT-30","$v":"सामाजिकम्"},{"$i":"CAT-40","$v":"क्रयणम्"},{"$i":"CAT-50","$v":"वार्ताः"},{"$i":"CAT-60","$v":"उपयोगिता"},{"$i":"CAT-70","$v":"जीवनशैली"},{"$i":"CAT-80","$v":"स्वास्थ्यम्"},{"$i":"CAT-90","$v":"क्रीडाः"},{"$i":"CAT-100","$v":"पुस्तकानि, सन्दर्भः च"},{"$i":"ok","$v":"आम्"},{"$i":"get","$v":"स्वीक्रियताम्"},{"$i":"go","$v":"गच्छतु"},{"$i":"open","$v":"उद्घाट्यताम्"},{"$i":"install","$v":"स्थाप्यताम्"}]