[{"$i":"sign-in","$v":"ᱥᱟᱭᱤᱱ ᱤᱱ"},{"$i":"NewAccount","$v":"ᱱᱟᱣᱟ ᱠᱷᱟᱛᱟ"},{"$i":"options","$v":"ᱵᱤᱠᱟᱞᱚᱯ ᱠᱚ"},{"$i":"cancel","$v":"ᱢᱩᱪᱮᱫ"},{"$i":"update","$v":"ᱦᱟᱹᱞᱤ"},{"$i":"back","$v":"ᱛᱟᱭᱚᱢ"},{"$i":"uninstall","$v":"ᱚᱵᱚᱦᱟᱞ"},{"$i":"update-found","$v":"ᱦᱟᱞᱤ ᱧᱟᱢ ᱟᱠᱟᱱᱟ᱾"},{"$i":"update-found-content","$v":"ᱡᱤᱭᱚ ᱤᱥᱴᱚᱨ ᱫᱚ ᱵᱚᱸᱫᱸᱜ ᱟ ᱟᱨ ᱟᱡᱛᱮ ᱦᱟᱹᱞᱤ ᱟ. ᱢᱤᱫ ᱜᱷᱟᱲᱜ ᱛᱟᱭᱚᱢ ᱨᱩᱣᱟᱹᱲᱦᱤᱡᱩᱜ ᱢᱮ."},{"$i":"no-internet","$v":"ᱤᱱᱴᱟᱨᱱᱮᱴ ᱵᱟᱹᱱᱩᱜ ᱟ."},{"$i":"connection-error","$v":"ᱡᱚᱱᱚᱲᱟᱣ ᱵᱷᱩᱞ."},{"$i":"enable","$v":"ᱦᱩᱭ ᱦᱚᱪᱚ ᱛᱮᱭᱟᱨ"},{"$i":"open-service","$v":"ᱠᱟᱹᱢᱤ ᱡᱷᱤᱡ ᱢᱮ"},{"$i":"downloading","$v":"ᱟᱹᱛᱩᱨ ᱟᱸᱲᱜᱚᱭᱟ"},{"$i":"loading","$v":"ᱞᱟᱫᱮᱭᱮᱫ ᱟ..."},{"$i":"CAT-all","$v":"ᱡᱚᱛᱚ"},{"$i":"CAT-10","$v":"ᱠᱷᱮᱞᱚᱸᱰ"},{"$i":"CAT-20","$v":"ᱨᱟᱹᱥᱠᱟᱹ ᱨᱟᱢᱚᱡ"},{"$i":"CAT-30","$v":"ᱥᱟᱸᱣᱛᱟ"},{"$i":"CAT-40","$v":"ᱠᱤᱨᱤᱧᱭᱮᱫᱟᱭ"},{"$i":"CAT-50","$v":"ᱠᱷᱚᱵᱚᱨ ᱠᱚ"},{"$i":"CAT-60","$v":"ᱵᱮᱵᱷᱟᱨ ᱫᱟᱲᱮ ᱠᱚ"},{"$i":"CAT-70","$v":"ᱡᱤᱣᱤ ᱦᱩᱱᱟᱹᱨ"},{"$i":"CAT-80","$v":"ᱵᱮᱥᱦᱚᱲᱢᱚ"},{"$i":"CAT-90","$v":"ᱠᱷᱮᱞᱚᱸᱲ"},{"$i":"CAT-100","$v":"ᱯᱩᱛᱷᱤ ᱠᱚ ᱡᱚᱱᱚᱲ"},{"$i":"ok","$v":"ᱴᱷᱤᱠ"},{"$i":"get","$v":"ᱧᱟᱢ"},{"$i":"go","$v":"ᱪᱟᱞᱟᱣ"},{"$i":"open","$v":"ᱡᱷᱤᱡ"},{"$i":"install","$v":"ᱵᱚᱦᱟᱞ"}]