[{"$i":"sign-in","$v":"साइन उन कर्यो"},{"$i":"NewAccount","$v":"नवीना लेखा"},{"$i":"options","$v":"इख़्तियारु"},{"$i":"cancel","$v":"निरस्यताम्"},{"$i":"update","$v":"अपडेट कयो"},{"$i":"back","$v":"वापसि"},{"$i":"uninstall","$v":"अण- अस्तापित"},{"$i":"update-found","$v":"अपडेट मिली."},{"$i":"update-found-content","$v":"जीवु इस्टोर ख़ुदकार तौर ते बंदु ऐं अपडेट थींदो. महिरबानी करे कुझु लमहनि में वापस उचो."},{"$i":"no-internet","$v":"इन्टरनेट नाहे."},{"$i":"connection-error","$v":"कनेकशन नुक़्स."},{"$i":"enable","$v":"फ़आल किरी"},{"$i":"open-service","$v":"ओपन सर्विस"},{"$i":"downloading","$v":"डाऊनलोड किरी प्यो"},{"$i":"loading","$v":"लोड किरी प्यो..."},{"$i":"CAT-all","$v":"सभई"},{"$i":"CAT-10","$v":"रानदीयूं"},{"$i":"CAT-20","$v":"फ़न"},{"$i":"CAT-30","$v":"समाजी"},{"$i":"CAT-40","$v":"ख़रीदारी"},{"$i":"CAT-50","$v":"ख़बिरूं"},{"$i":"CAT-60","$v":"यवटीलीटीज़"},{"$i":"CAT-70","$v":"लाईफ़ इस्टाईल"},{"$i":"CAT-80","$v":"सिहत"},{"$i":"CAT-90","$v":"रांदि"},{"$i":"CAT-100","$v":"किताब ऐं हवाला"},{"$i":"ok","$v":"ठीक"},{"$i":"get","$v":"हासिलु कर्यो"},{"$i":"go","$v":"वञो"},{"$i":"open","$v":"खोलियो"},{"$i":"install","$v":"तंसीब कर्यो"}]