[{"$i":"sign-in","$v":"சைன் இன்"},{"$i":"NewAccount","$v":"புதிய அக்கவுண்ட்"},{"$i":"options","$v":"விருப்பங்கள்"},{"$i":"cancel","$v":"ரத்து செய்க"},{"$i":"update","$v":"அப்டேட்"},{"$i":"back","$v":"பின் செல்"},{"$i":"uninstall","$v":"அன்இன்ஸ்டால்"},{"$i":"update-found","$v":"அப்டேட் உள்ளது."},{"$i":"update-found-content","$v":"ஜியோஸ்டோர் தானாக மூடப்பட்டு அப்டேட் செய்யப்படும். தயவுசெய்து ஒரு சில நிமிடங்களில் திரும்பி வாருங்கள்."},{"$i":"no-internet","$v":"இன்டர்நெட் இல்லை."},{"$i":"connection-error","$v":"இணைப்பு பிழை."},{"$i":"enable","$v":"இயக்கு"},{"$i":"open-service","$v":"ஓபன் சர்வீஸ்"},{"$i":"downloading","$v":"டவுன்லோட் ஆகுகிறது"},{"$i":"loading","$v":"லோடிங்..."},{"$i":"CAT-all","$v":"அனைத்தும்"},{"$i":"CAT-10","$v":"கேம்கள்"},{"$i":"CAT-20","$v":"பொழுதுபோக்கு"},{"$i":"CAT-30","$v":"சோசியல்"},{"$i":"CAT-40","$v":"ஷாப்பிங்"},{"$i":"CAT-50","$v":"செய்திகள்"},{"$i":"CAT-60","$v":"பயன்பாடுகள்"},{"$i":"CAT-70","$v":"லைஃப்ஸ்டைல்"},{"$i":"CAT-80","$v":"ஆரோக்கியம்"},{"$i":"CAT-90","$v":"விளையாட்டுக்கள்"},{"$i":"CAT-100","$v":{"$o":"புத்தகங்கள் & குறிப்பு"}},{"$i":"ok","$v":"சரி"},{"$i":"get","$v":"பெறவும்"},{"$i":"go","$v":"செல்லவும்"},{"$i":"open","$v":"ஓபன்"},{"$i":"install","$v":"இன்ஸ்டால்"}]