[{"$i":"sign-in","$v":"సైన్‌‌ఇన్ చేయండి"},{"$i":"NewAccount","$v":"కొత్త ఖాతా"},{"$i":"options","$v":"ఎంపికలు"},{"$i":"cancel","$v":"రద్దు చేయండి"},{"$i":"update","$v":"అప్‌డేట్ చేయండి"},{"$i":"back","$v":"వెనుకకు"},{"$i":"uninstall","$v":"అన్‌ఇన్‌స్టాల్ చేయండి"},{"$i":"update-found","$v":"అప్‌డేట్ కనుగొనబడింది."},{"$i":"update-found-content","$v":"జియో స్టోర్ ఆటోమేటిక్‌‌గా మూసివేయబడుతుంది మరియు అప్‌డేట్ చేయబడుతుంది. దయచేసి కొన్ని క్షణాలలో తిరిగి రండి."},{"$i":"no-internet","$v":"ఇంటర్నెట్ లేదు."},{"$i":"connection-error","$v":"కనెక్షన్ లోపం."},{"$i":"enable","$v":"ప్రారంభించండి"},{"$i":"open-service","$v":"సేవని తెరవండి"},{"$i":"downloading","$v":"డౌన్‌లోడ్ అవుతోంది"},{"$i":"loading","$v":"లోడ్ అవుతోంది..."},{"$i":"CAT-all","$v":"అన్నీ"},{"$i":"CAT-10","$v":"ఆటలు"},{"$i":"CAT-20","$v":"వినోదం"},{"$i":"CAT-30","$v":"సోషల్"},{"$i":"CAT-40","$v":"షాపింగ్"},{"$i":"CAT-50","$v":"వార్తలు"},{"$i":"CAT-60","$v":"యుటిలిటీస్"},{"$i":"CAT-70","$v":"జీవనశైలి"},{"$i":"CAT-80","$v":"ఆరోగ్యం"},{"$i":"CAT-90","$v":"క్రీడలు"},{"$i":"CAT-100","$v":"పుస్తకాలు మరియు సూచన"},{"$i":"ok","$v":"సరే"},{"$i":"get","$v":"పొందుట"},{"$i":"go","$v":"వెళ్ళు"},{"$i":"open","$v":"తెరవండి"},{"$i":"install","$v":"ఇన్‌‌స్టాల్"}]