[{"$i":"sign-in","$v":"साइन इन खालाम"},{"$i":"NewAccount","$v":"गोदान एकाउन्ट"},{"$i":"options","$v":"राहाफोर"},{"$i":"cancel","$v":"दान"},{"$i":"update","$v":"आपडेट खालाम"},{"$i":"back","$v":"उनफिन"},{"$i":"uninstall","$v":"आनइन्सटल खालाम"},{"$i":"update-found","$v":"फोदाननाय मोनदों।"},{"$i":"update-found-content","$v":"जिअ'स्थरा बन्द' जासिगोन आरो गावनो गाव फोदाननाय जासिगोन. अननानै दान्दिसे सम फैफिन."},{"$i":"no-internet","$v":"इन्टारनेट गैया."},{"$i":"connection-error","$v":"फोनांजाबनायाव गोरोन्थि नुजादों."},{"$i":"enable","$v":"हानाय खालाम"},{"$i":"open-service","$v":"उदां सिबिथाइ"},{"$i":"downloading","$v":"डाउन्लड जागासिनो"},{"$i":"loading","$v":"लड जागासिनो..."},{"$i":"CAT-all","$v":"गासैबो"},{"$i":"CAT-10","$v":"गेलेमुफोर"},{"$i":"CAT-20","$v":"रंजाथाइ"},{"$i":"CAT-30","$v":"समाजारि"},{"$i":"CAT-40","$v":"बाजार खालामनाय"},{"$i":"CAT-50","$v":"रादाब"},{"$i":"CAT-60","$v":"बाहायथाइफोर"},{"$i":"CAT-70","$v":"जिउराहा"},{"$i":"CAT-80","$v":"सावस्रि"},{"$i":"CAT-90","$v":"गेलेमु"},{"$i":"CAT-100","$v":"बिजाब आरो हेफाजाब लानाय"},{"$i":"ok","$v":"जागोन"},{"$i":"get","$v":"मोन"},{"$i":"go","$v":"थां"},{"$i":"open","$v":"खेव"},{"$i":"install","$v":"इंस्‍टल खालाम"}]