[{"$i":"sign-in","$v":"سائن ان کریں"},{"$i":"NewAccount","$v":"نیا اکاؤنٹ"},{"$i":"options","$v":"اختیارات"},{"$i":"cancel","$v":"منسوخ کریں"},{"$i":"update","$v":"تازہ معلومات"},{"$i":"back","$v":"پیچھے"},{"$i":"uninstall","$v":"اَن انسٹال کریں"},{"$i":"update-found","$v":"اپ ڈیٹ ملی۔"},{"$i":"update-found-content","$v":"براہ کرم کچھ منٹوں بعد واپس آئیں۔ جیواسٹور خود کار طور پر بند اور اپ ڈیٹ ہوگا۔"},{"$i":"no-internet","$v":"انٹرنیٹ نہیں ہے۔"},{"$i":"connection-error","$v":"کنیکشن کا نقص۔"},{"$i":"enable","$v":"فعال کریں"},{"$i":"open-service","$v":"کھلی خدمت"},{"$i":"downloading","$v":"ڈاؤن لوڈ کرنا"},{"$i":"loading","$v":"لوڈ ہو رہا ہے۔۔۔"},{"$i":"CAT-all","$v":"تمام"},{"$i":"CAT-10","$v":"گیمز"},{"$i":"CAT-20","$v":"ضیافت"},{"$i":"CAT-30","$v":"سماجی"},{"$i":"CAT-40","$v":"شاپنگ"},{"$i":"CAT-50","$v":"خبریں"},{"$i":"CAT-60","$v":"افادیت"},{"$i":"CAT-70","$v":"طرز زندگی"},{"$i":"CAT-80","$v":"صحت"},{"$i":"CAT-90","$v":"کھیل کود"},{"$i":"CAT-100","$v":"کتابیں اور حوالہ"},{"$i":"ok","$v":"ٹھیک ہے"},{"$i":"get","$v":"حاصل کریں"},{"$i":"go","$v":"جائیں"},{"$i":"open","$v":"کھولیں"},{"$i":"install","$v":"انسٹال کریں"}]